PERMNO,date,PRC,VOL,RET,SHROUT
93436,2019-06-03,178.97000,13061410,-0.033431,177270
93436,2019-06-04,193.60001,13805122,0.081746,177270
93436,2019-06-05,196.59000,13505456,0.015444,177270
93436,2019-06-06,205.95000,20271663,0.047612,177270
93436,2019-06-07,204.50000,16012527,-0.007041,177270
93436,2019-06-10,212.88000,10583439,0.040978,177270
93436,2019-06-11,217.10001,11651037,0.019823,177270
93436,2019-06-12,209.25999,15196044,-0.036112,177270
93436,2019-06-13,213.91000,8166460,0.022221,177270
93436,2019-06-14,214.92000,7433002,0.004722,177270
93436,2019-06-17,225.03000,12315603,0.047041,177270
93436,2019-06-18,224.74001,12715688,-0.001289,177270
93436,2019-06-19,226.42999,6574635,0.007520,177270
93436,2019-06-20,219.62000,11863162,-0.030076,177270
93436,2019-06-21,221.86000,8200878,0.010199,177270
93436,2019-06-24,223.64000,5747671,0.008023,177270
93436,2019-06-25,219.75999,6180971,-0.017349,177270
93436,2019-06-26,219.27000,8506408,-0.002230,177270
93436,2019-06-27,222.84000,6339410,0.016281,177270
93436,2019-06-28,223.46001,6851284,0.002782,179118
93436,2019-07-01,227.17000,8237864,0.016602,179118
93436,2019-07-02,224.55000,9258427,-0.011533,179118
93436,2019-07-03,234.89999,14213889,0.046092,179118
93436,2019-07-05,233.10001,7065038,-0.007663,179118
93436,2019-07-08,230.34000,5880242,-0.011840,179118
93436,2019-07-09,230.06000,6191135,-0.001216,179118
93436,2019-07-10,238.92000,9145036,0.038512,179118
93436,2019-07-11,238.60001,7513730,-0.001339,179118
93436,2019-07-12,245.08000,9200021,0.027158,179118
93436,2019-07-15,253.50000,11009782,0.034356,179118
93436,2019-07-16,252.38000,8157889,-0.004418,179118
93436,2019-07-17,254.86000,9762427,0.009826,179118
93436,2019-07-18,253.53999,4764283,-0.005179,179118
93436,2019-07-19,258.17999,7047810,0.018301,179118
93436,2019-07-22,255.67999,6845873,-0.009683,179127
93436,2019-07-23,260.17001,5040921,0.017561,179127
93436,2019-07-24,264.88000,11072335,0.018104,179127
93436,2019-07-25,228.82001,22414522,-0.136137,179127
93436,2019-07-26,228.03999,10028822,-0.003409,179127
93436,2019-07-29,235.77000,9270936,0.033898,179127
93436,2019-07-30,242.25999,8107814,0.027527,179127
93436,2019-07-31,241.61000,9178108,-0.002683,179127
93436,2019-08-01,233.85001,8259116,-0.032118,179127
93436,2019-08-02,234.34000,6135981,0.002095,179127
93436,2019-08-05,228.32001,7027979,-0.025689,179127
93436,2019-08-06,230.75000,5563100,0.010643,179127
93436,2019-08-07,233.42000,4776400,0.011571,179127
93436,2019-08-08,238.30000,5274349,0.020907,179127
93436,2019-08-09,235.00999,3897944,-0.013806,179127
93436,2019-08-12,229.00999,4662037,-0.025531,179127
93436,2019-08-13,235.00000,4885698,0.026156,179127
93436,2019-08-14,219.62000,9556291,-0.065447,179127
93436,2019-08-15,215.64000,8234952,-0.018122,179127
93436,2019-08-16,219.94000,5206976,0.019941,179127
93436,2019-08-19,226.83000,5311448,0.031327,179127
93436,2019-08-20,225.86000,4169527,-0.004276,179127
93436,2019-08-21,220.83000,7799244,-0.022270,179127
93436,2019-08-22,222.14999,6558964,0.005977,179127
93436,2019-08-23,211.39999,8558256,-0.048391,179127
93436,2019-08-26,215.00000,5053514,0.017029,179127
93436,2019-08-27,214.08000,5419827,-0.004279,179127
93436,2019-08-28,215.59000,3236325,0.007053,179127
93436,2019-08-29,221.71001,5180204,0.028387,179127
93436,2019-08-30,225.61000,9325090,0.017591,179127
93436,2019-09-03,225.00999,5359246,-0.002659,179127
93436,2019-09-04,220.67999,5769836,-0.019244,179127
93436,2019-09-05,229.58000,7401722,0.040330,179127
93436,2019-09-06,227.45000,4188372,-0.009278,179127
93436,2019-09-09,231.78999,4800753,0.019081,179127
93436,2019-09-10,235.53999,4881514,0.016178,179127
93436,2019-09-11,247.10001,10032177,0.049079,179127
93436,2019-09-12,245.87000,8579110,-0.004978,179127
93436,2019-09-13,245.20000,5372845,-0.002725,179127
93436,2019-09-16,242.81000,4727296,-0.009747,179127
93436,2019-09-17,244.78999,3945609,0.008155,179127
93436,2019-09-18,243.49001,4227203,-0.005311,179127
93436,2019-09-19,246.60001,4882550,0.012773,179127
93436,2019-09-20,240.62000,6504564,-0.024250,179127
93436,2019-09-23,241.23000,4391430,0.002535,179127
93436,2019-09-24,223.21001,12939912,-0.074700,179127
93436,2019-09-25,228.70000,9442586,0.024596,179127
93436,2019-09-26,242.56000,12077088,0.060603,179127
93436,2019-09-27,242.13000,11121979,-0.001773,179127
93436,2019-09-30,240.87000,5945661,-0.005204,180000
93436,2019-10-01,244.69000,6194490,0.015859,180000
93436,2019-10-02,243.13000,6255248,-0.006375,180000
93436,2019-10-03,233.03000,15137864,-0.041542,180000
93436,2019-10-04,231.42999,8013838,-0.006866,180000
93436,2019-10-07,237.72000,8086057,0.027179,180000
93436,2019-10-08,240.05000,8698338,0.009801,180000
93436,2019-10-09,244.53000,6928244,0.018663,180000
93436,2019-10-10,244.74001,6313242,0.000859,180000
93436,2019-10-11,247.89000,8494495,0.012871,180000
93436,2019-10-14,256.95999,10225913,0.036589,180000
93436,2019-10-15,257.89001,6478456,0.003619,180000
93436,2019-10-16,259.75000,6704003,0.007212,180000
93436,2019-10-17,261.97000,4778843,0.008547,180000
93436,2019-10-18,256.95001,5753066,-0.019162,180000
93436,2019-10-21,253.50000,5107101,-0.013427,180245
93436,2019-10-22,255.58000,4624956,0.008205,180245
93436,2019-10-23,254.67999,11216079,-0.003521,180245
93436,2019-10-24,299.67999,29817922,0.176692,180245
93436,2019-10-25,328.13000,30020011,0.094935,180245
93436,2019-10-28,327.70999,18868149,-0.001280,180245
93436,2019-10-29,316.22000,12684955,-0.035061,180245
93436,2019-10-30,315.01001,9641810,-0.003826,180245
93436,2019-10-31,314.92001,5069406,-0.000286,180245
93436,2019-11-01,313.31000,6383729,-0.005112,180245
93436,2019-11-04,317.47000,8786890,0.013278,180245
93436,2019-11-05,317.22000,6943024,-0.000787,180245
93436,2019-11-06,326.57999,7940032,0.029506,180245
93436,2019-11-07,335.54001,14466248,0.027436,180245
93436,2019-11-08,337.14001,6073321,0.004768,180245
93436,2019-11-11,345.09000,9993489,0.023581,180245
93436,2019-11-12,349.92999,7359083,0.014025,180245
93436,2019-11-13,346.10999,8467963,-0.010916,180245
93436,2019-11-14,349.35001,6472393,0.009361,180245
93436,2019-11-15,352.17001,4812463,0.008072,180245
93436,2019-11-18,349.98999,4409833,-0.006190,180245
93436,2019-11-19,359.51999,7736092,0.027229,180245
93436,2019-11-20,352.22000,6733965,-0.020305,180245
93436,2019-11-21,354.82999,6109713,0.007410,180245
93436,2019-11-22,333.04001,16866642,-0.061410,180245
93436,2019-11-25,336.34000,12345265,0.009909,180245
93436,2019-11-26,328.92001,7956039,-0.022061,180245
93436,2019-11-27,331.29001,5563259,0.007205,180245
93436,2019-11-29,329.94000,2465629,-0.004075,180245
93436,2019-12-02,334.87000,6060214,0.014942,180245
93436,2019-12-03,336.20001,6582705,0.003972,180245
93436,2019-12-04,333.03000,5521357,-0.009429,180245
93436,2019-12-05,330.37000,3739370,-0.007987,180245
93436,2019-12-06,335.89001,7608180,0.016709,180245
93436,2019-12-09,339.53000,9019023,0.010837,180245
93436,2019-12-10,348.84000,8803897,0.027420,180245
93436,2019-12-11,352.70001,6899359,0.011065,180245
93436,2019-12-12,359.67999,7813223,0.019790,180245
93436,2019-12-13,358.39001,6555839,-0.003586,180245
93436,2019-12-16,381.50000,18160973,0.064483,180245
93436,2019-12-17,378.98999,8480271,-0.006579,180245
93436,2019-12-18,393.14999,14084389,0.037362,180245
93436,2019-12-19,404.04001,18082443,0.027699,180245
93436,2019-12-20,405.59000,14750787,0.003836,180245
93436,2019-12-23,419.22000,13298127,0.033605,180245
93436,2019-12-24,425.25000,8186207,0.014384,180245
93436,2019-12-26,430.94000,10617605,0.013380,180245
93436,2019-12-27,430.38000,9936455,-0.001299,180245
93436,2019-12-30,414.70001,12563586,-0.036433,180245
93436,2019-12-31,418.32999,10264766,0.008753,181062
93436,2020-01-02,430.26001,9530112,0.028518,181062
93436,2020-01-03,443.01001,17754937,0.029633,181062
93436,2020-01-06,451.54001,10135350,0.019255,181062
93436,2020-01-07,469.06000,18173374,0.038801,181062
93436,2020-01-08,492.14001,31075285,0.049205,181062
93436,2020-01-09,481.34000,28379982,-0.021945,181062
93436,2020-01-10,478.14999,12936566,-0.006627,181062
93436,2020-01-13,524.85999,26585353,0.097689,181062
93436,2020-01-14,537.91998,28955735,0.024883,181062
93436,2020-01-15,518.50000,17326831,-0.036102,181062
93436,2020-01-16,513.48999,21676128,-0.009663,181062
93436,2020-01-17,510.50000,13613448,-0.005823,181062
93436,2020-01-21,547.20001,17729048,0.071890,181062
93436,2020-01-22,569.56000,31246840,0.040863,181062
93436,2020-01-23,572.20001,19647957,0.004635,181062
93436,2020-01-24,564.82001,14307966,-0.012898,181062
93436,2020-01-27,558.02002,13573672,-0.012039,181062
93436,2020-01-28,566.90002,11790607,0.015913,181062
93436,2020-01-29,580.98999,18180726,0.024854,181062
93436,2020-01-30,640.81000,28911713,0.102962,181062
93436,2020-01-31,650.57001,15676580,0.015231,181062
93436,2020-02-03,780.00000,47076894,0.198949,181062
93436,2020-02-04,887.06000,60652235,0.137256,181062
93436,2020-02-05,734.70001,48231012,-0.171758,181062
93436,2020-02-06,748.96002,39721262,0.019409,181062
93436,2020-02-07,748.07001,17070771,-0.001188,181342
93436,2020-02-10,771.28003,24651598,0.031027,181342
93436,2020-02-11,774.38000,11661795,0.004019,181342
93436,2020-02-12,767.28998,12016042,-0.009156,181342
93436,2020-02-13,804.00000,26218620,0.047844,181342
93436,2020-02-14,800.03003,15656779,-0.004938,181342
93436,2020-02-18,858.40002,16668917,0.072960,184110
93436,2020-02-19,917.41998,25338483,0.068756,184110
93436,2020-02-20,899.40997,17590776,-0.019631,184110
93436,2020-02-21,901.00000,14314935,0.001768,184110
93436,2020-02-24,833.78998,15129252,-0.074595,184110
93436,2020-02-25,799.90997,17266202,-0.040634,184110
93436,2020-02-26,778.79999,14120951,-0.026390,184110
93436,2020-02-27,679.00000,24211114,-0.128146,184110
93436,2020-02-28,667.98999,24469949,-0.016215,184110
93436,2020-03-02,743.62000,20143254,0.113220,184110
93436,2020-03-03,745.51001,25733963,0.002542,184110
93436,2020-03-04,749.50000,15019950,0.005352,184110
93436,2020-03-05,724.53998,10833518,-0.033302,184110
93436,2020-03-06,703.47998,12633439,-0.029067,184110
93436,2020-03-09,608.00000,17020760,-0.135725,184110
93436,2020-03-10,645.33002,15535305,0.061398,184110
93436,2020-03-11,634.22998,13356746,-0.017201,184110
93436,2020-03-12,560.54999,18883822,-0.116172,184110
93436,2020-03-13,546.62000,22595315,-0.024851,184110
93436,2020-03-16,445.07001,20446685,-0.185778,184110
93436,2020-03-17,430.20001,23923871,-0.033410,184110
93436,2020-03-18,361.22000,23718230,-0.160344,184110
93436,2020-03-19,427.64001,30136064,0.183877,184110
93436,2020-03-20,427.53000,28174267,-0.000257,184110
93436,2020-03-23,434.29001,16452706,0.015812,184110
93436,2020-03-24,505.00000,22837423,0.162817,184110
93436,2020-03-25,539.25000,21177366,0.067822,184110
93436,2020-03-26,528.15997,17394057,-0.020566,184110
93436,2020-03-27,514.35999,14356042,-0.026128,184110
93436,2020-03-30,502.13000,11978923,-0.023777,184110
93436,2020-03-31,524.00000,17731682,0.043554,185000
93436,2020-04-01,481.56000,13321367,-0.080992,185000
93436,2020-04-02,454.47000,19820649,-0.056255,185000
93436,2020-04-03,480.01001,22524300,0.056197,185000
93436,2020-04-06,516.23999,14879233,0.075478,185000
93436,2020-04-07,545.45001,17889232,0.056582,185000
93436,2020-04-08,548.84003,12635605,0.006215,185000
93436,2020-04-09,573.00000,13632843,0.044020,185000
93436,2020-04-13,650.95001,22431569,0.136038,185000
93436,2020-04-14,709.89001,30526376,0.090545,185000
93436,2020-04-15,729.83002,23573333,0.028089,185000
93436,2020-04-16,745.21002,20613321,0.021073,185000
93436,2020-04-17,753.89001,13090313,0.011648,185000
93436,2020-04-20,746.35999,14718531,-0.009988,185000
93436,2020-04-21,686.71997,20161043,-0.079908,185000
93436,2020-04-22,732.10999,14189989,0.066097,185000
93436,2020-04-23,705.63000,13207098,-0.036169,185371
93436,2020-04-24,725.15002,13213852,0.027663,185371
93436,2020-04-27,798.75000,20588079,0.101496,185371
93436,2020-04-28,769.12000,15190060,-0.037095,185371
93436,2020-04-29,800.51001,16166610,0.040813,185371
93436,2020-04-30,781.88000,28284614,-0.023273,185371
93436,2020-05-01,701.32001,32396848,-0.103034,185371
93436,2020-05-04,761.19000,19178213,0.085368,185371
93436,2020-05-05,768.21002,16941246,0.009222,185371
93436,2020-05-06,782.58002,11106028,0.018706,185371
93436,2020-05-07,780.03998,11508366,-0.003246,185371
93436,2020-05-08,819.41998,16127079,0.050485,185371
93436,2020-05-11,811.28998,16504847,-0.009922,185371
93436,2020-05-12,809.40997,15893782,-0.002317,185371
93436,2020-05-13,790.96002,19033833,-0.022794,185371
93436,2020-05-14,803.33002,13658807,0.015639,185371
93436,2020-05-15,799.16998,10505251,-0.005178,185371
93436,2020-05-18,813.63000,11673377,0.018094,185371
93436,2020-05-19,808.01001,9623704,-0.006907,185371
93436,2020-05-20,815.56000,7298893,0.009344,185371
93436,2020-05-21,827.59998,12227696,0.014763,185371
93436,2020-05-22,816.88000,9973407,-0.012953,185371
93436,2020-05-26,818.87000,8077487,0.002436,185371
93436,2020-05-27,820.22998,11528727,0.001661,185371
93436,2020-05-28,805.81000,7265199,-0.017580,185371
93436,2020-05-29,835.00000,11779766,0.036224,185371
93436,2020-06-01,898.09998,15041656,0.075569,185371
93436,2020-06-02,881.56000,13518414,-0.018417,185371
93436,2020-06-03,882.96002,7938005,0.001588,185371
93436,2020-06-04,864.38000,8863518,-0.021043,185371
93436,2020-06-05,885.65997,7774839,0.024619,185371
93436,2020-06-08,949.91998,14123490,0.072556,185371
93436,2020-06-09,940.66998,11350659,-0.009738,185371
93436,2020-06-10,1025.05005,18502866,0.089702,185371
93436,2020-06-11,972.84003,15894166,-0.050934,185371
93436,2020-06-12,935.28003,16723871,-0.038609,185371
93436,2020-06-15,990.90002,15617797,0.059469,185371
93436,2020-06-16,982.13000,14023105,-0.008851,185371
93436,2020-06-17,991.78998,9874301,0.009836,185371
93436,2020-06-18,1003.96002,9734252,0.012271,185371
93436,2020-06-19,1000.90002,8661989,-0.003048,185371
93436,2020-06-22,994.32001,6353684,-0.006574,185371
93436,2020-06-23,1001.78003,6351083,0.007503,185371
93436,2020-06-24,960.84998,10911883,-0.040857,185371
93436,2020-06-25,985.97998,9228065,0.026154,185371
93436,2020-06-26,959.73999,8831054,-0.026613,185371
93436,2020-06-29,1009.34998,9000317,0.051691,185371
93436,2020-06-30,1079.81006,16859670,0.069807,186000
93436,2020-07-01,1119.63000,13275241,0.036877,186000
93436,2020-07-02,1208.66003,17197157,0.079517,186000
93436,2020-07-06,1371.57996,20510903,0.134794,186000
93436,2020-07-07,1389.85999,21408648,0.013328,186000
93436,2020-07-08,1365.88000,16246140,-0.017254,186000
93436,2020-07-09,1394.28003,11670701,0.020792,186000
93436,2020-07-10,1544.65002,23251800,0.107848,186000
93436,2020-07-13,1497.06006,38831507,-0.030810,186000
93436,2020-07-14,1516.80005,23371219,0.013186,186000
93436,2020-07-15,1546.01001,16315865,0.019258,186000
93436,2020-07-16,1500.64001,14252623,-0.029347,186000
93436,2020-07-17,1500.83997,9312955,0.000133,186000
93436,2020-07-20,1643.00000,17054855,0.094720,186362
93436,2020-07-21,1568.35999,16133039,-0.045429,186362
93436,2020-07-22,1592.32996,14144184,0.015283,186362
93436,2020-07-23,1513.06995,24367202,-0.049776,186362
93436,2020-07-24,1417.00000,19342395,-0.063493,186362
93436,2020-07-27,1539.59998,15988678,0.086521,186362
93436,2020-07-28,1476.48999,15776590,-0.040991,186362
93436,2020-07-29,1499.10999,9401934,0.015320,186362
93436,2020-07-30,1487.48999,7601903,-0.007751,186362
93436,2020-07-31,1430.76001,12218466,-0.038138,186362
93436,2020-08-03,1485.00000,8783398,0.037910,186362
93436,2020-08-04,1487.00000,8389296,0.001347,186362
93436,2020-08-05,1485.02002,4967584,-0.001332,186362
93436,2020-08-06,1489.57996,5961375,0.003071,186362
93436,2020-08-07,1452.70996,8872984,-0.024752,186362
93436,2020-08-10,1418.56995,7512738,-0.023501,186362
93436,2020-08-11,1374.39001,8607394,-0.031144,186362
93436,2020-08-12,1554.76001,21828364,0.131236,186362
93436,2020-08-13,1621.00000,20387865,0.042605,186362
93436,2020-08-14,1650.70996,12562182,0.018328,186362
93436,2020-08-17,1835.64001,20145252,0.112031,186362
93436,2020-08-18,1887.08997,16436978,0.028028,186362
93436,2020-08-19,1878.53003,12178422,-0.004536,186362
93436,2020-08-20,2001.82996,20557219,0.065636,186362
93436,2020-08-21,2049.97998,21415137,0.024053,186362
93436,2020-08-24,2014.19995,19982162,-0.017454,186362
93436,2020-08-25,2023.33997,10628719,0.004538,186362
93436,2020-08-26,2153.16992,14184847,0.064166,186362
93436,2020-08-27,2238.75000,23593610,0.039746,186362
93436,2020-08-28,2213.39990,20038951,-0.011323,186362
93436,2020-08-31,498.32001,118162555,0.125689,931809
93436,2020-09-01,475.04999,89635564,-0.046697,933388
93436,2020-09-02,447.37000,95994895,-0.058268,933388
93436,2020-09-03,407.00000,87400772,-0.090238,933388
93436,2020-09-04,418.32001,110008611,0.027813,933388
93436,2020-09-08,330.20999,115388993,-0.210628,933388
93436,2020-09-09,366.28000,79251067,0.109234,933388
93436,2020-09-10,371.34000,84643215,0.013815,933388
93436,2020-09-11,372.72000,60497681,0.003716,933388
93436,2020-09-14,419.62000,82819345,0.125832,933388
93436,2020-09-15,449.76001,97061530,0.071827,933388
93436,2020-09-16,441.76001,72257406,-0.017787,933388
93436,2020-09-17,423.42999,76531023,-0.041493,933388
93436,2020-09-18,442.14999,86232236,0.044210,933388
93436,2020-09-21,449.39001,109322871,0.016375,933388
93436,2020-09-22,424.23001,79505713,-0.055987,933388
93436,2020-09-23,380.35999,95163352,-0.103411,933388
93436,2020-09-24,387.79001,96354838,0.019534,933388
93436,2020-09-25,407.34000,67112771,0.050414,933388
93436,2020-09-28,421.20001,49650747,0.034026,933388
93436,2020-09-29,419.07001,50269232,-0.005057,933388
93436,2020-09-30,429.01001,48093567,0.023719,948000
93436,2020-10-01,448.16000,50704582,0.044638,948000
93436,2020-10-02,415.09000,71316583,-0.073791,948000
93436,2020-10-05,425.67999,44671189,0.025513,948000
93436,2020-10-06,413.98001,49066890,-0.027485,948000
93436,2020-10-07,425.29999,43065740,0.027344,948000
93436,2020-10-08,425.92001,40367982,0.001458,948000
93436,2020-10-09,434.00000,29147928,0.018971,948000
93436,2020-10-12,442.29999,38729540,0.019124,948000
93436,2020-10-13,446.64999,34493626,0.009835,948000
93436,2020-10-14,461.29999,47985742,0.032800,948000
93436,2020-10-15,448.88000,35627593,-0.026924,948000
93436,2020-10-16,439.67001,32718354,-0.020518,948000
93436,2020-10-19,430.82999,36229039,-0.020106,948000
93436,2020-10-20,421.94000,31630411,-0.020635,947901
93436,2020-10-21,422.64001,32355729,0.001659,947901
93436,2020-10-22,425.79001,39880101,0.007453,947901
93436,2020-10-23,420.63000,33680860,-0.012119,947901
93436,2020-10-26,420.28000,28208054,-0.000832,947901
93436,2020-10-27,424.67999,22646668,0.010469,947901
93436,2020-10-28,406.01999,25411314,-0.043939,947901
93436,2020-10-29,410.82999,22626811,0.011847,947901
93436,2020-10-30,388.04001,42496253,-0.055473,947901
93436,2020-11-02,400.51001,28955922,0.032136,947901
93436,2020-11-03,423.89999,34288743,0.058400,947901
93436,2020-11-04,420.98001,32074931,-0.006888,947901
93436,2020-11-05,438.09000,28356439,0.040643,947901
93436,2020-11-06,429.95001,21678176,-0.018581,947901
93436,2020-11-09,421.26001,34714333,-0.020212,947901
93436,2020-11-10,410.35999,30243227,-0.025875,947901
93436,2020-11-11,417.13000,17342191,0.016498,947901
93436,2020-11-12,411.76001,19929780,-0.012874,947901
93436,2020-11-13,408.50000,19783651,-0.007917,947901
93436,2020-11-16,408.09000,27057271,-0.001004,947901
93436,2020-11-17,441.60999,60954449,0.082139,947901
93436,2020-11-18,486.64001,77859674,0.101968,947901
93436,2020-11-19,499.26999,62268374,0.025953,947901
93436,2020-11-20,489.60999,32848021,-0.019348,947901
93436,2020-11-23,521.84998,50179425,0.065848,947901
93436,2020-11-24,555.38000,53548761,0.064252,947901
93436,2020-11-25,574.00000,48880675,0.033527,947901
93436,2020-11-27,585.76001,37371675,0.020488,947901
93436,2020-11-30,567.59998,62814338,-0.031003,947901
93436,2020-12-01,584.76001,40297471,0.030233,947901
93436,2020-12-02,568.82001,47704658,-0.027259,947901
93436,2020-12-03,593.38000,42491073,0.043177,947901
93436,2020-12-04,599.03998,29363619,0.009539,947901
93436,2020-12-07,641.76001,56181268,0.071314,947901
93436,2020-12-08,649.88000,63945819,0.012653,947901
93436,2020-12-09,604.47998,71155257,-0.069859,947901
93436,2020-12-10,627.07001,66930698,0.037371,947901
93436,2020-12-11,609.98999,46800665,-0.027238,947901
93436,2020-12-14,639.83002,51908816,0.048919,947901
93436,2020-12-15,633.25000,45101693,-0.010284,947901
93436,2020-12-16,622.77002,42031553,-0.016550,947901
93436,2020-12-17,655.90002,56149948,0.053198,947901
93436,2020-12-18,695.00000,223285389,0.059613,947901
93436,2020-12-21,649.85999,57883583,-0.064950,947901
93436,2020-12-22,640.34003,51756764,-0.014649,947901
93436,2020-12-23,645.97998,33059469,0.008808,947901
93436,2020-12-24,661.77002,22813214,0.024444,947901
93436,2020-12-28,663.69000,32232732,0.002901,947901
93436,2020-12-29,665.98999,22867542,0.003465,947901
93436,2020-12-30,694.78003,42766263,0.043229,947901
93436,2020-12-31,705.66998,49544141,0.015674,959854
93436,2021-01-04,729.77002,48550251,0.034152,959854
93436,2021-01-05,735.10999,32104628,0.007317,959854
93436,2021-01-06,755.97998,44403747,0.028390,959854
93436,2021-01-07,816.03998,51368871,0.079447,959854
93436,2021-01-08,880.02002,74913552,0.078403,959854
93436,2021-01-11,811.19000,59408889,-0.078214,959854
93436,2021-01-12,849.44000,46106839,0.047153,959854
93436,2021-01-13,854.40997,33221474,0.005851,959854
93436,2021-01-14,845.00000,31212520,-0.011013,959854
93436,2021-01-15,826.15997,38668597,-0.022296,959854
93436,2021-01-19,844.54999,25296562,0.022260,959854
93436,2021-01-20,850.45001,25575516,0.006986,959854
93436,2021-01-21,844.98999,20556043,-0.006420,959854
93436,2021-01-22,846.64001,19954537,0.001953,959854
93436,2021-01-25,880.79999,41045594,0.040348,959854
93436,2021-01-26,883.09003,23061876,0.002600,959854
93436,2021-01-27,864.15997,27217910,-0.021436,959854
93436,2021-01-28,835.42999,26309015,-0.033246,959854
93436,2021-01-29,793.53003,34883307,-0.050154,959854
93436,2021-02-01,839.81000,25275956,0.058322,959854
93436,2021-02-02,872.78998,24267558,0.039271,959854
93436,2021-02-03,854.69000,18306517,-0.020738,959854
93436,2021-02-04,849.98999,15761692,-0.005499,959854
93436,2021-02-05,852.22998,18522822,0.002635,959854
93436,2021-02-08,863.41998,20132402,0.013130,959854
93436,2021-02-09,849.46002,15135737,-0.016168,959854
93436,2021-02-10,804.82001,36132880,-0.052551,959854
93436,2021-02-11,811.65997,21590303,0.008499,959854
93436,2021-02-12,816.12000,23699167,0.005495,959854
93436,2021-02-16,796.21997,19746585,-0.024384,959854
93436,2021-02-17,798.15002,26001410,0.002424,959854
93436,2021-02-18,787.38000,18198537,-0.013494,959854
93436,2021-02-19,781.29999,18913271,-0.007722,959854
93436,2021-02-22,714.50000,37182312,-0.085499,959854
93436,2021-02-23,698.84003,66731850,-0.021917,959854
93436,2021-02-24,742.02002,36690581,0.061788,959854
93436,2021-02-25,682.21997,38944934,-0.080591,959854
93436,2021-02-26,675.50000,40989068,-0.009850,959854
93436,2021-03-01,718.42999,27070056,0.063553,959854
93436,2021-03-02,686.44000,23699073,-0.044528,959854
93436,2021-03-03,653.20001,30139543,-0.048424,959854
93436,2021-03-04,621.44000,65833694,-0.048622,959854
93436,2021-03-05,597.95001,89196849,-0.037799,959854
93436,2021-03-08,563.00000,51690394,-0.058450,959854
93436,2021-03-09,673.58002,67345141,0.196412,959854
93436,2021-03-10,668.06000,60385092,-0.008195,959854
93436,2021-03-11,699.59998,36172307,0.047211,959854
93436,2021-03-12,693.72998,33519005,-0.008391,959854
93436,2021-03-15,707.94000,29369385,0.020484,959854
93436,2021-03-16,676.88000,32088718,-0.043874,959854
93436,2021-03-17,701.81000,40253337,0.036831,959854
93436,2021-03-18,653.15997,33300560,-0.069321,959854
93436,2021-03-19,654.87000,42758528,0.002618,959854
93436,2021-03-22,670.00000,39426867,0.023104,959854
93436,2021-03-23,662.15997,30422732,-0.011702,959854
93436,2021-03-24,630.27002,33717510,-0.048160,959854
93436,2021-03-25,640.39001,39173906,0.016057,959854
93436,2021-03-26,618.71002,33755193,-0.033854,959854
93436,2021-03-29,611.28998,28592602,-0.011993,959854
93436,2021-03-30,635.62000,39372280,0.039801,959854
93436,2021-03-31,667.92999,33269796,0.050832,963000
93436,2021-04-01,661.75000,35258118,-0.009252,963000
93436,2021-04-05,691.04999,41774395,0.044277,963000
93436,2021-04-06,691.62000,28238794,0.000825,963000
93436,2021-04-07,670.96997,26261932,-0.029857,963000
93436,2021-04-08,683.79999,23895780,0.019122,963000
93436,2021-04-09,677.02002,21408110,-0.009915,963000
93436,2021-04-12,701.97998,29085879,0.036867,963000
93436,2021-04-13,762.32001,44598101,0.085957,963000
93436,2021-04-14,732.22998,48933590,-0.039472,963000
93436,2021-04-15,738.84998,27798914,0.009041,963000
93436,2021-04-16,739.78003,27990635,0.001259,963000
93436,2021-04-19,714.63000,39636915,-0.033997,963000
93436,2021-04-20,718.98999,35567477,0.006101,963000
93436,2021-04-21,744.12000,31145411,0.034952,963330
93436,2021-04-22,719.69000,35503423,-0.032831,963330
93436,2021-04-23,729.40002,28323414,0.013492,963330
93436,2021-04-26,738.20001,30994492,0.012065,963330
93436,2021-04-27,704.73999,29364528,-0.045326,963330
93436,2021-04-28,694.40002,22212713,-0.014672,963330
93436,2021-04-29,677.00000,28788594,-0.025058,963330
93436,2021-04-30,709.44000,40661016,0.047917,963330
93436,2021-05-03,684.90002,26991317,-0.034591,963330
93436,2021-05-04,673.59998,29673044,-0.016499,963330
93436,2021-05-05,670.94000,21871395,-0.003949,963330
93436,2021-05-06,663.53998,27741003,-0.011029,963330
93436,2021-05-07,672.37000,23440244,0.013307,963330
93436,2021-05-10,629.03998,31322967,-0.064444,963330
93436,2021-05-11,617.20001,46430411,-0.018822,963330
93436,2021-05-12,589.89001,33740654,-0.044248,963330
93436,2021-05-13,571.69000,44099996,-0.030853,963330
93436,2021-05-14,589.73999,33322067,0.031573,963330
93436,2021-05-17,576.83002,32315432,-0.021891,963330
93436,2021-05-18,577.87000,36761894,0.001803,963330
93436,2021-05-19,563.46002,39491964,-0.024936,963330
93436,2021-05-20,586.78003,30765744,0.041387,963330
93436,2021-05-21,580.88000,26193675,-0.010055,963330
93436,2021-05-24,606.44000,34439259,0.044002,963330
93436,2021-05-25,604.69000,27956024,-0.002886,963330
93436,2021-05-26,619.13000,28587229,0.023880,963330
93436,2021-05-27,630.84998,26305010,0.018930,963330
93436,2021-05-28,625.21997,22696989,-0.008924,963330
93436,2021-06-01,623.90002,18037129,-0.002111,963330
93436,2021-06-02,605.12000,23235454,-0.030101,963330
93436,2021-06-03,572.84003,30021315,-0.053345,963330
93436,2021-06-04,599.04999,24037560,0.045754,963330
93436,2021-06-07,605.13000,22503204,0.010149,963330
93436,2021-06-08,603.59003,26032862,-0.002545,963330
93436,2021-06-09,598.78003,16558208,-0.007969,963330
93436,2021-06-10,610.12000,23888671,0.018938,963330
93436,2021-06-11,609.89001,16130055,-0.000377,963330
93436,2021-06-14,617.69000,20390209,0.012789,963330
93436,2021-06-15,599.35999,17733534,-0.029675,963330
93436,2021-06-16,604.87000,22009648,0.009193,963330
93436,2021-06-17,616.59998,22668378,0.019393,963330
93436,2021-06-18,623.31000,24563987,0.010882,963330
93436,2021-06-21,620.83002,24752700,-0.003979,963330
93436,2021-06-22,623.71002,19126543,0.004639,963330
93436,2021-06-23,656.57001,31028772,0.052685,963330
93436,2021-06-24,679.82001,45894955,0.035411,963330
93436,2021-06-25,671.87000,32355000,-0.011694,963330
93436,2021-06-28,688.71997,21595307,0.025079,963330
93436,2021-06-29,680.76001,17291582,-0.011558,963330
93436,2021-06-30,679.70001,18826276,-0.001557,984003
93436,2021-07-01,677.91998,18601290,-0.002619,984003
93436,2021-07-02,678.90002,27056651,0.001446,984003
93436,2021-07-06,659.58002,23216879,-0.028458,984003
93436,2021-07-07,644.65002,18751873,-0.022636,984003
93436,2021-07-08,652.81000,22732135,0.012658,984003
93436,2021-07-09,656.95001,18105605,0.006342,984003
93436,2021-07-12,685.70001,25882376,0.043763,984003
93436,2021-07-13,668.53998,20928277,-0.025026,984003
93436,2021-07-14,653.38000,21594507,-0.022676,984003
93436,2021-07-15,650.59998,20177716,-0.004255,984003
93436,2021-07-16,644.21997,16396778,-0.009806,984003
93436,2021-07-19,646.21997,21238525,0.003105,984003
93436,2021-07-20,660.50000,15461284,0.022098,984003
93436,2021-07-21,655.28998,13938729,-0.007888,984003
93436,2021-07-22,649.26001,15066565,-0.009202,990015
93436,2021-07-23,643.38000,14581736,-0.009056,990015
93436,2021-07-26,657.62000,25171775,0.022133,990015
93436,2021-07-27,644.78003,32552730,-0.019525,990015
93436,2021-07-28,646.97998,15904731,0.003412,990015
93436,2021-07-29,677.34998,30346956,0.046941,990015
93436,2021-07-30,687.20001,29571939,0.014542,990015
93436,2021-08-02,709.66998,33571436,0.032698,990015
93436,2021-08-03,709.73999,21584492,0.000099,990015
93436,2021-08-04,710.91998,16984156,0.001663,990015
93436,2021-08-05,714.63000,12898481,0.005219,990015
93436,2021-08-06,699.09998,15603622,-0.021732,990015
93436,2021-08-09,713.76001,14693511,0.020970,1001767
93436,2021-08-10,709.98999,13398412,-0.005282,1001767
93436,2021-08-11,707.82001,9780089,-0.003056,1001767
93436,2021-08-12,722.25000,17662215,0.020387,1001767
93436,2021-08-13,717.16998,16696900,-0.007034,1001767
93436,2021-08-16,686.16998,23043993,-0.043225,1001767
93436,2021-08-17,665.71002,23676077,-0.029818,1001767
93436,2021-08-18,688.98999,20233666,0.034970,1001767
93436,2021-08-19,673.46997,14247025,-0.022526,1001767
93436,2021-08-20,680.26001,14936588,0.010082,1001767
93436,2021-08-23,706.29999,20240922,0.038279,1001767
93436,2021-08-24,708.48999,13061908,0.003101,1001767
93436,2021-08-25,711.20001,12627810,0.003825,1001767
93436,2021-08-26,701.15997,13164446,-0.014117,1001767
93436,2021-08-27,711.91998,13806115,0.015346,1001767
93436,2021-08-30,730.90997,18506755,0.026674,1001767
93436,2021-08-31,735.71997,20796958,0.006581,1001767
93436,2021-09-01,734.09003,13156313,-0.002215,1001767
93436,2021-09-02,732.39001,12738032,-0.002316,1001767
93436,2021-09-03,733.57001,15242064,0.001611,1001767
93436,2021-09-07,752.91998,19995750,0.026378,1001767
93436,2021-09-08,753.87000,18762952,0.001262,1001767
93436,2021-09-09,754.85999,13996904,0.001313,1001767
93436,2021-09-10,736.27002,15064773,-0.024627,1001767
93436,2021-09-13,743.00000,22802480,0.009141,1001767
93436,2021-09-14,744.48999,18529514,0.002005,1001767
93436,2021-09-15,755.83002,15325965,0.015232,1001767
93436,2021-09-16,756.98999,13896943,0.001535,1001767
93436,2021-09-17,759.48999,28082267,0.003303,1001767
93436,2021-09-20,730.16998,24696762,-0.038605,1001767
93436,2021-09-21,739.38000,16251228,0.012614,1001767
93436,2021-09-22,751.94000,15102245,0.016987,1001767
93436,2021-09-23,753.64001,11924707,0.002261,1001767
93436,2021-09-24,774.39001,21422767,0.027533,1001767
93436,2021-09-27,791.35999,28003090,0.021914,1001767
93436,2021-09-28,777.56000,25189321,-0.017438,1001767
93436,2021-09-29,781.31000,20819068,0.004823,1001767
93436,2021-09-30,775.47998,17919639,-0.007462,1004000
93436,2021-10-01,775.21997,17004185,-0.000335,1004000
93436,2021-10-04,781.53003,30427659,0.008140,1004000
93436,2021-10-05,780.59003,18324851,-0.001203,1004000
93436,2021-10-06,782.75000,14560755,0.002767,1004000
93436,2021-10-07,793.60999,19158425,0.013874,1004000
93436,2021-10-08,785.48999,16727815,-0.010232,1004000
93436,2021-10-11,791.94000,14156548,0.008211,1004000
93436,2021-10-12,805.71997,21931851,0.017400,1004000
93436,2021-10-13,811.08002,14038851,0.006652,1004000
93436,2021-10-14,818.32001,12205949,0.008926,1004000
93436,2021-10-15,843.03003,18844002,0.030196,1004000
93436,2021-10-18,870.10999,24088788,0.032122,1004000
93436,2021-10-19,864.27002,17297915,-0.006712,1004000
93436,2021-10-20,865.79999,13959275,0.001770,1004000
93436,2021-10-21,894.00000,31308185,0.032571,1004265
93436,2021-10-22,909.67999,22786065,0.017539,1004265
93436,2021-10-25,1024.85999,62395278,0.126616,1004265
93436,2021-10-26,1018.42999,61963483,-0.006274,1004265
93436,2021-10-27,1037.85999,38348785,0.019078,1004265
93436,2021-10-28,1077.04004,27074169,0.037751,1004265
93436,2021-10-29,1114.00000,29792658,0.034316,1004265
93436,2021-11-01,1208.58997,55686570,0.084910,1004265
93436,2021-11-02,1172.00000,42474747,-0.030275,1004265
93436,2021-11-03,1213.85999,34529617,0.035717,1004265
93436,2021-11-04,1229.91003,25276577,0.013222,1004265
93436,2021-11-05,1222.08997,21435241,-0.006358,1004265
93436,2021-11-08,1162.93994,33273182,-0.048401,1004265
93436,2021-11-09,1023.50000,59010693,-0.119903,1004265
93436,2021-11-10,1067.94995,42528584,0.043429,1004265
93436,2021-11-11,1063.51001,22361515,-0.004157,1004265
93436,2021-11-12,1033.42004,25441855,-0.028293,1004265
93436,2021-11-15,1013.39001,34581276,-0.019382,1004265
93436,2021-11-16,1054.72998,26409657,0.040794,1004265
93436,2021-11-17,1089.01001,31275653,0.032501,1004265
93436,2021-11-18,1096.38000,20773670,0.006768,1004265
93436,2021-11-19,1137.06006,21516067,0.037104,1004265
93436,2021-11-22,1156.87000,32863896,0.017422,1004265
93436,2021-11-23,1109.03003,35924427,-0.041353,1004265
93436,2021-11-24,1116.00000,22455076,0.006285,1004265
93436,2021-11-26,1081.92004,11650423,-0.030538,1004265
93436,2021-11-29,1136.98999,19330059,0.050900,1004265
93436,2021-11-30,1144.76001,26920916,0.006834,1004265
93436,2021-12-01,1095.00000,22749946,-0.043468,1004265
93436,2021-12-02,1084.59998,24213942,-0.009498,1004265
93436,2021-12-03,1014.96997,30606475,-0.064199,1004265
93436,2021-12-06,1009.01001,27060127,-0.005872,1004265
93436,2021-12-07,1051.75000,18586270,0.042358,1004265
93436,2021-12-08,1068.95996,13897240,0.016363,1004265
93436,2021-12-09,1003.79999,19686430,-0.060956,1004265
93436,2021-12-10,1017.03003,19776122,0.013180,1004265
93436,2021-12-13,966.40997,25967710,-0.049772,1004265
93436,2021-12-14,958.51001,23456302,-0.008175,1004265
93436,2021-12-15,975.98999,24861424,0.018237,1004265
93436,2021-12-16,926.91998,27393100,-0.050277,1004265
93436,2021-12-17,932.57001,33567683,0.006095,1004265
93436,2021-12-20,899.94000,18670531,-0.034989,1004265
93436,2021-12-21,938.53003,23690872,0.042881,1004265
93436,2021-12-22,1008.87000,31046563,0.074947,1004265
93436,2021-12-23,1067.00000,30735097,0.057619,1004265
93436,2021-12-27,1093.93994,23695249,0.025248,1004265
93436,2021-12-28,1088.46997,20025526,-0.005000,1004265
93436,2021-12-29,1086.18994,18699667,-0.002095,1004265
93436,2021-12-30,1070.33997,15595484,-0.014592,1004265
93436,2021-12-31,1056.78003,13530074,-0.012669,1033508
93436,2022-01-03,1199.78003,34704012,0.135317,1033508
93436,2022-01-04,1149.58997,33232066,-0.041833,1033508
93436,2022-01-05,1088.12000,26527233,-0.053471,1033508
93436,2022-01-06,1064.69995,30094321,-0.021523,1033508
93436,2022-01-07,1026.95996,27919584,-0.035447,1033508
93436,2022-01-10,1058.12000,30455813,0.030342,1033508
93436,2022-01-11,1064.40002,21942784,0.005935,1033508
93436,2022-01-12,1106.21997,27790685,0.039290,1033508
93436,2022-01-13,1031.56006,32269410,-0.067491,1033508
93436,2022-01-14,1049.60999,24231357,0.017498,1033508
93436,2022-01-18,1030.51001,22217970,-0.018197,1033508
93436,2022-01-19,995.65002,25014677,-0.033828,1033508
93436,2022-01-20,996.27002,23301757,0.000623,1033508
93436,2022-01-21,943.90002,34237917,-0.052566,1033508
93436,2022-01-24,930.00000,50413641,-0.014726,1033508
93436,2022-01-25,918.40002,28800832,-0.012473,1033508
93436,2022-01-26,937.40997,34889649,0.020699,1033508
93436,2022-01-27,829.09998,48769207,-0.115542,1033508
93436,2022-01-28,846.34998,44755342,0.020806,1033508
93436,2022-01-31,936.71997,34595868,0.106776,1033508
93436,2022-02-01,931.25000,24260289,-0.005839,1033508
93436,2022-02-02,905.65997,22171850,-0.027479,1033508
93436,2022-02-03,891.14001,26146554,-0.016032,1033508
93436,2022-02-04,923.32001,24482314,0.036111,1033508
93436,2022-02-07,907.34003,20238671,-0.017307,1033508
93436,2022-02-08,922.00000,16835331,0.016157,1033508
93436,2022-02-09,932.00000,17357744,0.010846,1033508
93436,2022-02-10,904.54999,21918309,-0.029453,1033508
93436,2022-02-11,860.00000,26373287,-0.049251,1033508
93436,2022-02-14,875.76001,22535630,0.018326,1033508
93436,2022-02-15,922.42999,19174762,0.053291,1033508
93436,2022-02-16,923.39001,17013359,0.001041,1033508
93436,2022-02-17,876.34998,18314681,-0.050943,1033508
93436,2022-02-18,856.97998,22686572,-0.022103,1033508
93436,2022-02-22,821.53003,28106488,-0.041366,1033508
93436,2022-02-23,764.03998,31688708,-0.069979,1033508
93436,2022-02-24,800.77002,44923756,0.048073,1033508
93436,2022-02-25,809.87000,25324038,0.011364,1033508
93436,2022-02-28,870.42999,31401736,0.074777,1033508
93436,2022-03-01,864.37000,24655369,-0.006962,1033508
93436,2022-03-02,879.89001,24811589,0.017955,1033508
93436,2022-03-03,839.28998,20508718,-0.046142,1033508
93436,2022-03-04,838.28998,22280515,-0.001191,1033508
93436,2022-03-07,804.58002,24044287,-0.040213,1033508
93436,2022-03-08,824.40002,26739873,0.024634,1033508
93436,2022-03-09,858.96997,19692275,0.041933,1033508
93436,2022-03-10,838.29999,19439299,-0.024064,1033508
93436,2022-03-11,795.34998,22268793,-0.051235,1033508
93436,2022-03-14,766.37000,23538943,-0.036437,1033508
93436,2022-03-15,801.89001,22196323,0.046348,1033508
93436,2022-03-16,840.22998,27957264,0.047812,1033508
93436,2022-03-17,871.59998,22066680,0.037335,1033508
93436,2022-03-18,905.39001,33528430,0.038768,1033508
93436,2022-03-21,921.15997,27190018,0.017418,1033508
93436,2022-03-22,993.97998,35082440,0.079053,1033508
93436,2022-03-23,999.10999,40029833,0.005161,1033508
93436,2022-03-24,1013.91998,22945041,0.014823,1033508
93436,2022-03-25,1010.64001,20653253,-0.003235,1033508
93436,2022-03-28,1091.83997,34033873,0.080345,1033508
93436,2022-03-29,1099.56995,24443450,0.007080,1033508
93436,2022-03-30,1093.98999,19910751,-0.005075,1033508
93436,2022-03-31,1077.59998,16244412,-0.014982,1035976
93436,2022-04-01,1084.58997,17986911,0.006487,1035976
93436,2022-04-04,1145.44995,27275542,0.056113,1035976
93436,2022-04-05,1091.26001,26632280,-0.047309,1035976
93436,2022-04-06,1045.76001,29616452,-0.041695,1035976
93436,2022-04-07,1057.26001,26442039,0.010997,1035976
93436,2022-04-08,1025.48999,18303029,-0.030049,1035976
93436,2022-04-11,975.92999,19698862,-0.048328,1035976
93436,2022-04-12,986.95001,21871357,0.011292,1035976
93436,2022-04-13,1022.37000,18315090,0.035888,1035976
93436,2022-04-14,985.00000,19400543,-0.036552,1035976
93436,2022-04-18,1004.28998,17183467,0.019584,1035976
93436,2022-04-19,1028.15002,16558682,0.023758,1036010
93436,2022-04-20,977.20001,23465073,-0.049555,1036010
93436,2022-04-21,1008.78003,34985364,0.032317,1036010
93436,2022-04-22,1005.04999,23158275,-0.003698,1036010
93436,2022-04-25,998.02002,22735926,-0.006995,1036010
93436,2022-04-26,876.41998,45041206,-0.121841,1036010
93436,2022-04-27,881.51001,25482898,0.005808,1036010
93436,2022-04-28,877.51001,41231346,-0.004538,1036010
93436,2022-04-29,870.76001,29229864,-0.007692,1036010
93436,2022-05-02,902.94000,25099865,0.036956,1036010
93436,2022-05-03,909.25000,21209382,0.006988,1036010
93436,2022-05-04,952.62000,27067635,0.047699,1036010
93436,2022-05-05,873.28003,30618154,-0.083286,1036010
93436,2022-05-06,865.65002,24244581,-0.008737,1036010
93436,2022-05-09,787.10999,30179202,-0.090730,1036010
93436,2022-05-10,800.03998,28082565,0.016427,1036010
93436,2022-05-11,734.00000,32355425,-0.082546,1036010
93436,2022-05-12,728.00000,46563343,-0.008174,1036010
93436,2022-05-13,769.59003,30573888,0.057129,1036010
93436,2022-05-16,724.37000,28635176,-0.058759,1036010
93436,2022-05-17,761.60999,26586721,0.051410,1036010
93436,2022-05-18,709.81000,29152882,-0.068014,1036010
93436,2022-05-19,709.41998,30056191,-0.000549,1036010
93436,2022-05-20,663.90002,48069511,-0.064165,1036010
93436,2022-05-23,674.90002,29695271,0.016569,1036010
93436,2022-05-24,628.15997,29643214,-0.069255,1036010
93436,2022-05-25,658.79999,30560011,0.048777,1036010
93436,2022-05-26,707.72998,35183217,0.074271,1036010
93436,2022-05-27,759.63000,29713282,0.073333,1036010
93436,2022-05-31,758.26001,33794641,-0.001804,1036010
93436,2022-06-01,740.37000,25602119,-0.023594,1036010
93436,2022-06-02,775.00000,31108332,0.046774,1036010
93436,2022-06-03,703.54999,37402105,-0.092194,1036010
93436,2022-06-06,714.84003,27999619,0.016047,1036010
93436,2022-06-07,716.65997,24122883,0.002546,1036010
93436,2022-06-08,725.59998,25306107,0.012475,1036010
93436,2022-06-09,719.12000,32032728,-0.008931,1036010
93436,2022-06-10,696.69000,32549500,-0.031191,1036010
93436,2022-06-13,647.21002,34190229,-0.071022,1036010
93436,2022-06-14,662.66998,32517353,0.023887,1036010
93436,2022-06-15,699.00000,39453298,0.054824,1036010
93436,2022-06-16,639.29999,35943115,-0.085408,1036010
93436,2022-06-17,650.28003,30776087,0.017175,1036010
93436,2022-06-21,711.10999,40712111,0.093544,1036010
93436,2022-06-22,708.26001,33678382,-0.004008,1036010
93436,2022-06-23,705.21002,34762617,-0.004306,1036010
93436,2022-06-24,737.12000,31784681,0.045249,1036010
93436,2022-06-27,734.76001,29594364,-0.003202,1036010
93436,2022-06-28,697.98999,30073839,-0.050044,1036010
93436,2022-06-29,685.46997,27513141,-0.017937,1036010
93436,2022-06-30,673.41998,31340783,-0.017579,1041000
93436,2022-07-01,681.78998,24786526,0.012429,1041000
93436,2022-07-05,699.20001,28118716,0.025536,1041000
93436,2022-07-06,695.20001,23913177,-0.005721,1041000
93436,2022-07-07,733.63000,27200043,0.055279,1041000
93436,2022-07-08,752.28998,33815426,0.025435,1041000
93436,2022-07-11,703.03003,33117812,-0.065480,1041000
93436,2022-07-12,699.21002,29256458,-0.005434,1041000
93436,2022-07-13,711.12000,32503691,0.017033,1041000
93436,2022-07-14,714.94000,26146676,0.005372,1041000
93436,2022-07-15,720.20001,23443219,0.007357,1041000
93436,2022-07-18,721.64001,27507626,0.001999,1041000
93436,2022-07-19,736.59003,26819397,0.020717,1044490
93436,2022-07-20,742.50000,29553519,0.008023,1044490
93436,2022-07-21,815.12000,47129785,0.097805,1044490
93436,2022-07-22,816.72998,34326991,0.001975,1044490
93436,2022-07-25,805.29999,21252877,-0.013995,1044490
93436,2022-07-26,776.58002,22200505,-0.035664,1044490
93436,2022-07-27,824.46002,29213540,0.061655,1044490
93436,2022-07-28,842.70001,28120551,0.022124,1044490
93436,2022-07-29,891.45001,31642255,0.057850,1044490
93436,2022-08-01,891.83002,38735780,0.000426,1044490
93436,2022-08-02,901.76001,31796915,0.011134,1044490
93436,2022-08-03,922.19000,26572373,0.022656,1044490
93436,2022-08-04,925.90002,23903210,0.004023,1044490
93436,2022-08-05,864.51001,37540871,-0.066303,1044490
93436,2022-08-08,871.27002,32969238,0.007819,1044490
93436,2022-08-09,850.00000,28651788,-0.024413,1044490
93436,2022-08-10,883.07001,31505708,0.038906,1044490
93436,2022-08-11,859.89001,23284942,-0.026249,1044490
93436,2022-08-12,900.09003,26421681,0.046750,1044490
93436,2022-08-15,927.96002,29654896,0.030964,1044490
93436,2022-08-16,919.69000,29252332,-0.008912,1044490
93436,2022-08-17,911.98999,22801421,-0.008372,1044490
93436,2022-08-18,908.60999,15811258,-0.003706,1044490
93436,2022-08-19,890.00000,20387256,-0.020482,1044490
93436,2022-08-22,869.73999,18522535,-0.022764,1044490
93436,2022-08-23,889.35999,21191718,0.022558,1044490
93436,2022-08-24,891.28998,19009427,0.002170,1044490
93436,2022-08-25,296.07001,53054968,-0.003456,3133470
93436,2022-08-26,288.09000,56980538,-0.026953,3133470
93436,2022-08-29,284.82001,41734885,-0.011351,3133470
93436,2022-08-30,277.70001,50426920,-0.024998,3133470
93436,2022-08-31,275.60999,52011177,-0.007526,3133470
93436,2022-09-01,277.16000,54140882,0.005624,3133470
93436,2022-09-02,270.20999,50755034,-0.025076,3133470
93436,2022-09-06,274.42001,55693949,0.015581,3133470
93436,2022-09-07,283.70001,49920614,0.033817,3133470
93436,2022-09-08,289.26001,53595048,0.019598,3133470
93436,2022-09-09,299.67999,54397352,0.036023,3133470
93436,2022-09-12,304.42001,48514918,0.015817,3133470
93436,2022-09-13,292.13000,68115126,-0.040372,3133470
93436,2022-09-14,302.60999,72467737,0.035874,3133470
93436,2022-09-15,303.75000,64654056,0.003767,3133470
93436,2022-09-16,303.35001,87013517,-0.001317,3133470
93436,2022-09-19,309.07001,60066291,0.018856,3133470
93436,2022-09-20,308.73001,61496712,-0.001100,3133470
93436,2022-09-21,300.79999,62268597,-0.025686,3133470
93436,2022-09-22,288.59000,70414498,-0.040592,3133470
93436,2022-09-23,275.32999,63609161,-0.045948,3133470
93436,2022-09-26,276.01001,57970486,0.002470,3133470
93436,2022-09-27,282.94000,61856598,0.025108,3133470
93436,2022-09-28,287.81000,54575343,0.017212,3133470
93436,2022-09-29,268.20999,77433797,-0.068101,3133470
93436,2022-09-30,265.25000,67590315,-0.011036,3158000
93436,2022-10-03,242.39999,97866277,-0.086145,3158000
93436,2022-10-04,249.44000,109420034,0.029043,3158000
93436,2022-10-05,240.81000,87373449,-0.034598,3158000
93436,2022-10-06,238.13000,69206839,-0.011129,3158000
93436,2022-10-07,223.07001,83836880,-0.063243,3158000
93436,2022-10-10,222.96001,67794113,-0.000493,3158000
93436,2022-10-11,216.50000,76964824,-0.028974,3158000
93436,2022-10-12,217.24001,66752934,0.003418,3158000
93436,2022-10-13,221.72000,91275440,0.020622,3158000
93436,2022-10-14,204.99001,94069262,-0.075456,3158000
93436,2022-10-17,219.35001,79300645,0.070052,3158000
93436,2022-10-18,220.19000,75709929,0.003829,3157752
93436,2022-10-19,222.03999,66448270,0.008402,3157752
93436,2022-10-20,207.28000,117513489,-0.066474,3157752
93436,2022-10-21,214.44000,75599810,0.034543,3157752
93436,2022-10-24,211.25000,100132929,-0.014876,3157752
93436,2022-10-25,222.41499,96406574,0.052852,3157752
93436,2022-10-26,224.64000,85083290,0.010004,3157752
93436,2022-10-27,225.09000,61485583,0.002003,3157752
93436,2022-10-28,228.52000,68991992,0.015238,3157752
93436,2022-10-31,227.53999,61352314,-0.004289,3157752
93436,2022-11-01,227.82001,62588696,0.001231,3157752
93436,2022-11-02,214.98000,63227251,-0.056360,3157752
93436,2022-11-03,215.31000,56466594,0.001535,3157752
93436,2022-11-04,207.47000,98409420,-0.036413,3157752
93436,2022-11-07,197.08000,93735619,-0.050080,3157752
93436,2022-11-08,191.30000,128482858,-0.029328,3157752
93436,2022-11-09,177.59000,126816459,-0.071668,3157752
93436,2022-11-10,190.72000,132264375,0.073934,3157752
93436,2022-11-11,195.97000,114241078,0.027527,3157752
93436,2022-11-14,190.95000,91935123,-0.025616,3157752
93436,2022-11-15,194.42000,91235812,0.018172,3157752
93436,2022-11-16,186.92000,66444662,-0.038576,3157752
93436,2022-11-17,183.17000,64255952,-0.020062,3157752
93436,2022-11-18,180.19000,75942837,-0.016269,3157752
93436,2022-11-21,167.87000,92723122,-0.068372,3157752
93436,2022-11-22,169.91000,78309553,0.012152,3157752
93436,2022-11-23,183.20000,109415640,0.078218,3157752
93436,2022-11-25,182.86000,50612335,-0.001856,3157752
93436,2022-11-28,182.92000,92988917,0.000328,3157752
93436,2022-11-29,180.83000,83311150,-0.011426,3157752
93436,2022-11-30,194.70000,109016906,0.076702,3157752
93436,2022-12-01,194.70000,80030010,0.000000,3157752
93436,2022-12-02,194.86000,73599862,0.000822,3157752
93436,2022-12-05,182.45000,93045600,-0.063687,3157752
93436,2022-12-06,179.82001,92061516,-0.014415,3157752
93436,2022-12-07,174.03999,84167051,-0.032143,3157752
93436,2022-12-08,173.44000,97529789,-0.003447,3157752
93436,2022-12-09,179.05000,104807425,0.032345,3157752
93436,2022-12-12,167.82001,109703453,-0.062720,3157752
93436,2022-12-13,160.95000,175708726,-0.040937,3157752
93436,2022-12-14,156.80000,140839524,-0.025784,3157752
93436,2022-12-15,157.67000,122196711,0.005548,3157752
93436,2022-12-16,150.23000,138829435,-0.047187,3157752
93436,2022-12-19,149.87000,139065242,-0.002396,3157752
93436,2022-12-20,137.80000,159408930,-0.080536,3157752
93436,2022-12-21,137.57001,145291136,-0.001669,3157752
93436,2022-12-22,125.35000,210011915,-0.088828,3157752
93436,2022-12-23,123.15000,166917212,-0.017551,3157752
93436,2022-12-27,109.10000,208446557,-0.114089,3157752
93436,2022-12-28,112.71000,220818648,0.033089,3157752
93436,2022-12-29,121.82000,221592714,0.080827,3157752
93436,2022-12-30,123.18000,157632606,0.011164,3164000
93436,2023-01-03,108.10000,231228447,-0.122422,3164000
93436,2023-01-04,113.64000,180264879,0.051249,3164000
93436,2023-01-05,110.34000,157922820,-0.029039,3164000
93436,2023-01-06,113.06000,220789295,0.024651,3164000
93436,2023-01-09,119.77000,190179943,0.059349,3164000
93436,2023-01-10,118.85000,167543486,-0.007681,3164000
93436,2023-01-11,123.22000,183644973,0.036769,3164000
93436,2023-01-12,123.56000,169299038,0.002759,3164000
93436,2023-01-13,122.40000,180601337,-0.009388,3164000
93436,2023-01-17,131.49001,186383320,0.074265,3164000
93436,2023-01-18,128.78000,195907430,-0.020610,3164000
93436,2023-01-19,127.17000,170203867,-0.012502,3164000
93436,2023-01-20,133.42000,138741604,0.049147,3164000
93436,2023-01-23,143.75000,203015518,0.077425,3164000
93436,2023-01-24,143.89000,158635805,0.000974,3164000
93436,2023-01-25,144.42999,192598292,0.003753,3164103
93436,2023-01-26,160.27000,234521497,0.109673,3164103
93436,2023-01-27,177.89999,306265655,0.110002,3164103
93436,2023-01-30,166.66000,230561150,-0.063182,3164103
93436,2023-01-31,173.22000,196643435,0.039362,3164103
93436,2023-02-01,181.41000,213677567,0.047281,3164103
93436,2023-02-02,188.27000,217359929,0.037815,3164103
93436,2023-02-03,189.98000,232518972,0.009083,3164103
93436,2023-02-06,194.75999,186118440,0.025161,3164103
93436,2023-02-07,196.81000,185877555,0.010526,3164103
93436,2023-02-08,201.28999,180441707,0.022763,3164103
93436,2023-02-09,207.32001,215269381,0.029957,3164103
93436,2023-02-10,196.89000,204670380,-0.050309,3164103
93436,2023-02-13,194.64000,172307177,-0.011428,3164103
93436,2023-02-14,209.25000,216304155,0.075062,3164103
93436,2023-02-15,214.24001,181921412,0.023847,3164103
93436,2023-02-16,202.03999,229849321,-0.056946,3164103
93436,2023-02-17,208.31000,213563699,0.031033,3164103
93436,2023-02-21,197.37000,179861665,-0.052518,3164103
93436,2023-02-22,200.86000,191677243,0.017683,3164103
93436,2023-02-23,202.07001,146246173,0.006024,3164103
93436,2023-02-24,196.88000,142130366,-0.025684,3164103
93436,2023-02-27,207.63000,160932454,0.054602,3164103
93436,2023-02-28,205.71001,153240694,-0.009247,3164103
93436,2023-03-01,202.77000,156758794,-0.014292,3164103
93436,2023-03-02,190.89999,181860451,-0.058539,3164103
93436,2023-03-03,197.78999,154115016,0.036092,3164103
93436,2023-03-06,193.81000,128015272,-0.020122,3164103
93436,2023-03-07,187.71001,148017226,-0.031474,3164103
93436,2023-03-08,182.00000,151781028,-0.030419,3164103
93436,2023-03-09,172.92000,169922222,-0.049890,3164103
93436,2023-03-10,173.44000,191427112,0.003007,3164103
93436,2023-03-13,174.48000,167633175,0.005996,3164103
93436,2023-03-14,183.25999,143617637,0.050321,3164103
93436,2023-03-15,180.45000,145853301,-0.015333,3164103
93436,2023-03-16,184.13000,121314947,0.020394,3164103
93436,2023-03-17,180.13000,133705684,-0.021724,3164103
93436,2023-03-20,183.25000,129581399,0.017321,3164103
93436,2023-03-21,197.58000,153603113,0.078199,3164103
93436,2023-03-22,191.14999,150284086,-0.032544,3164103
93436,2023-03-23,192.22000,144153854,0.005598,3164103
93436,2023-03-24,190.41000,116461377,-0.009416,3164103
93436,2023-03-27,191.81000,120811402,0.007353,3164103
93436,2023-03-28,189.19000,98609953,-0.013659,3164103
93436,2023-03-29,193.88000,123611201,0.024790,3164103
93436,2023-03-30,195.28000,110219897,0.007221,3164103
93436,2023-03-31,207.46001,170149620,0.062372,3169314
93436,2023-04-03,194.77000,169456133,-0.061168,3169314
93436,2023-04-04,192.58000,126422540,-0.011244,3169314
93436,2023-04-05,185.52000,133832065,-0.036660,3169314
93436,2023-04-06,185.06000,123800691,-0.002480,3169314
93436,2023-04-10,184.50999,142094798,-0.002972,3169314
93436,2023-04-11,186.78999,115703989,0.012357,3169314
93436,2023-04-12,180.53999,150149324,-0.033460,3169314
93436,2023-04-13,185.89999,112872693,0.029689,3169314
93436,2023-04-14,185.00000,96378578,-0.004841,3169314
93436,2023-04-17,187.03999,116611033,0.011027,3169504
93436,2023-04-18,184.31000,92039041,-0.014596,3169504
93436,2023-04-19,180.59000,125890342,-0.020183,3169504
93436,2023-04-20,162.99001,210784506,-0.097458,3169504
93436,2023-04-21,165.08000,123424274,0.012823,3169504
93436,2023-04-24,162.55000,139998978,-0.015326,3169504
93436,2023-04-25,160.67000,121911694,-0.011566,3169504
93436,2023-04-26,153.75000,153197454,-0.043070,3169504
93436,2023-04-27,160.19000,126874841,0.041886,3169504
93436,2023-04-28,164.31000,122381452,0.025719,3169504
93436,2023-05-01,161.83000,108988266,-0.015093,3169504
93436,2023-05-02,160.31000,128200492,-0.009393,3169504
93436,2023-05-03,160.61000,119665417,0.001871,3169504
93436,2023-05-04,161.20000,95073102,0.003673,3169504
93436,2023-05-05,170.06000,107541424,0.054963,3169504
93436,2023-05-08,171.78999,112178475,0.010173,3169504
93436,2023-05-09,169.14999,88890479,-0.015368,3169504
93436,2023-05-10,168.53999,119745838,-0.003606,3169504
93436,2023-05-11,172.08000,103839759,0.021004,3169504
93436,2023-05-12,167.98000,157712145,-0.023826,3169504
93436,2023-05-15,166.35001,105540307,-0.009703,3169504
93436,2023-05-16,166.52000,98239171,0.001022,3169504
93436,2023-05-17,173.86000,125457160,0.044079,3169504
93436,2023-05-18,176.89000,109487672,0.017428,3169504
93436,2023-05-19,180.14000,136144750,0.018373,3169504
93436,2023-05-22,188.87000,131952371,0.048462,3169504
93436,2023-05-23,185.77000,156892637,-0.016413,3169504
93436,2023-05-24,182.89999,137541027,-0.015449,3169504
93436,2023-05-25,184.47000,97302851,0.008584,3169504
93436,2023-05-26,193.17000,161949944,0.047162,3169504
93436,2023-05-30,201.16000,128726551,0.041363,3169504
93436,2023-05-31,203.92999,150533427,0.013770,3169504
93436,2023-06-01,207.52000,147883435,0.017604,3169504
93436,2023-06-02,213.97000,164297257,0.031081,3169504
93436,2023-06-05,217.61000,151016555,0.017012,3169504
93436,2023-06-06,221.31000,146785221,0.017003,3169504
93436,2023-06-07,224.57001,185596127,0.014731,3169504
93436,2023-06-08,234.86000,164412586,0.045821,3169504
93436,2023-06-09,244.39999,200111202,0.040620,3169504
93436,2023-06-12,249.83000,150653098,0.022218,3169504
93436,2023-06-13,258.70999,162335493,0.035544,3169504
93436,2023-06-14,256.79001,170425351,-0.007421,3169504
93436,2023-06-15,255.89999,160092361,-0.003466,3169504
93436,2023-06-16,260.54001,168234213,0.018132,3169504
93436,2023-06-20,274.45001,165513997,0.053389,3169504
93436,2023-06-21,259.45999,211574234,-0.054618,3169504
93436,2023-06-22,264.60999,166731644,0.019849,3169504
93436,2023-06-23,256.60001,177346084,-0.030271,3169504
93436,2023-06-26,241.05000,179758166,-0.060600,3169504
93436,2023-06-27,250.21001,164827712,0.038000,3169504
93436,2023-06-28,256.23999,159593987,0.024100,3169504
93436,2023-06-29,257.50000,131177205,0.004917,3169504
93436,2023-06-30,261.76999,112566291,0.016582,3174000
93436,2023-07-03,279.82001,119636530,0.068954,3174000
93436,2023-07-05,282.48001,131462638,0.009506,3174000
93436,2023-07-06,276.54001,120673994,-0.021028,3174000
93436,2023-07-07,274.42999,113804091,-0.007630,3174000
93436,2023-07-10,269.60999,119368892,-0.017564,3174000
93436,2023-07-11,269.79001,91930541,0.000668,3174000
93436,2023-07-12,271.98999,95631136,0.008154,3174000
93436,2023-07-13,277.89999,112641283,0.021729,3174000
93436,2023-07-14,281.38000,119975119,0.012523,3174000
93436,2023-07-17,290.38000,131515072,0.031985,3173994
93436,2023-07-18,293.34000,112389541,0.010194,3173994
93436,2023-07-19,291.26001,142256009,-0.007091,3173994
93436,2023-07-20,262.89999,175024273,-0.097370,3173994
93436,2023-07-21,260.01999,162212314,-0.010955,3173994
93436,2023-07-24,269.06000,136890809,0.034767,3173994
93436,2023-07-25,265.28000,112646981,-0.014049,3173994
93436,2023-07-26,264.35001,96003688,-0.003506,3173994
93436,2023-07-27,255.71001,103584159,-0.032684,3173994
93436,2023-07-28,266.44000,111258312,0.041962,3173994
93436,2023-07-31,267.42999,84523850,0.003716,3173994
93436,2023-08-01,261.07001,83599882,-0.023782,3173994
93436,2023-08-02,254.11000,101629592,-0.026660,3173994
93436,2023-08-03,259.32001,97780144,0.020503,3173994
93436,2023-08-04,253.86000,99552653,-0.021055,3173994
93436,2023-08-07,251.45000,111081967,-0.009493,3173994
93436,2023-08-08,249.70000,96567499,-0.006960,3173994
93436,2023-08-09,242.19000,101518231,-0.030076,3173994
93436,2023-08-10,245.34000,109391351,0.013006,3173994
93436,2023-08-11,242.64999,99531759,-0.010964,3173994
93436,2023-08-14,239.75999,98540221,-0.011910,3173994
93436,2023-08-15,232.96001,88123221,-0.028362,3173994
93436,2023-08-16,225.60001,112389730,-0.031593,3173994
93436,2023-08-17,219.22000,120656222,-0.028280,3173994
93436,2023-08-18,215.49001,136156273,-0.017015,3173994
93436,2023-08-21,231.28000,135644088,0.073275,3173994
93436,2023-08-22,233.19000,131014237,0.008258,3173994
93436,2023-08-23,236.86000,101002283,0.015738,3173994
93436,2023-08-24,230.03999,99726283,-0.028793,3173994
93436,2023-08-25,238.59000,106545655,0.037167,3173994
93436,2023-08-28,238.82001,107601373,0.000964,3173994
93436,2023-08-29,257.17999,133932894,0.076878,3173994
93436,2023-08-30,256.89999,122113491,-0.001089,3173994
93436,2023-08-31,258.07999,108817998,0.004593,3173994
93436,2023-09-01,245.00999,132452603,-0.050643,3173994
93436,2023-09-05,256.48999,129383583,0.046855,3173994
93436,2023-09-06,251.92000,116899901,-0.017817,3173994
93436,2023-09-07,251.49001,115253336,-0.001707,3173994
93436,2023-09-08,248.50000,118556504,-0.011889,3173994
93436,2023-09-11,273.57999,174454114,0.100925,3173994
93436,2023-09-12,267.48001,135913392,-0.022297,3173994
93436,2023-09-13,271.29999,111576920,0.014281,3173994
93436,2023-09-14,276.04001,107620729,0.017472,3173994
93436,2023-09-15,274.39001,133572703,-0.005977,3173994
93436,2023-09-18,265.28000,101811580,-0.033201,3173994
93436,2023-09-19,266.50000,103650387,0.004599,3173994
93436,2023-09-20,262.59000,122449338,-0.014672,3173994
93436,2023-09-21,255.70000,119876585,-0.026239,3173994
93436,2023-09-22,244.88000,127448000,-0.042315,3173994
93436,2023-09-25,246.99001,104606976,0.008616,3173994
93436,2023-09-26,244.12000,101889443,-0.011620,3173994
93436,2023-09-27,240.50000,136623140,-0.014829,3173994
93436,2023-09-28,246.38000,117075338,0.024449,3173994
93436,2023-09-29,250.22000,128429386,0.015586,3179000
93436,2023-10-02,251.60001,123801386,0.005515,3179000
93436,2023-10-03,246.53000,101944708,-0.020151,3179000
93436,2023-10-04,261.16000,129647169,0.059344,3179000
93436,2023-10-05,260.04999,119048664,-0.004250,3179000
93436,2023-10-06,260.53000,118074095,0.001846,3179000
93436,2023-10-09,259.67001,101321637,-0.003301,3179000
93436,2023-10-10,263.62000,122896194,0.015212,3179000
93436,2023-10-11,262.98999,103667784,-0.002390,3179000
93436,2023-10-12,258.87000,111444328,-0.015666,3179000
93436,2023-10-13,251.12000,102233881,-0.029938,3179000
93436,2023-10-16,253.92000,88859651,0.011150,3178921
93436,2023-10-17,254.85001,93506544,0.003663,3178921
93436,2023-10-18,242.67999,124967145,-0.047754,3178921
93436,2023-10-19,220.11000,171290285,-0.093003,3178921
93436,2023-10-20,211.99001,137990782,-0.036891,3178921
93436,2023-10-23,212.08000,150580228,0.000425,3178921
93436,2023-10-24,216.52000,118142614,0.020936,3178921
93436,2023-10-25,212.42000,107009167,-0.018936,3178921
93436,2023-10-26,205.75999,115040453,-0.031353,3178921
93436,2023-10-27,207.30000,94871960,0.007484,3178921
93436,2023-10-30,197.36000,136233609,-0.047950,3178921
93436,2023-10-31,200.84000,117995775,0.017633,3178921
93436,2023-11-01,205.66000,121169616,0.023999,3178921
93436,2023-11-02,218.50999,125126870,0.062482,3178921
93436,2023-11-03,219.96001,119130303,0.006636,3178921
93436,2023-11-06,219.27000,116658009,-0.003137,3178921
93436,2023-11-07,222.17999,116416829,0.013271,3178921
93436,2023-11-08,222.11000,106100857,-0.000315,3178921
93436,2023-11-09,209.98000,141370646,-0.054613,3178921
93436,2023-11-10,214.64999,130818519,0.022240,3178921
93436,2023-11-13,223.71001,139344959,0.042208,3178921
93436,2023-11-14,237.41000,149128332,0.061240,3178921
93436,2023-11-15,242.84000,149733647,0.022872,3178921
93436,2023-11-16,233.59000,136142566,-0.038091,3178921
93436,2023-11-17,234.30000,142273729,0.003040,3178921
93436,2023-11-20,235.60001,116103870,0.005548,3178921
93436,2023-11-21,241.20000,122057829,0.023769,3178921
93436,2023-11-22,234.21001,117575198,-0.028980,3178921
93436,2023-11-24,235.45000,64790526,0.005294,3178921
93436,2023-11-27,236.08000,111514924,0.002676,3178921
93436,2023-11-28,246.72000,147518559,0.045069,3178921
93436,2023-11-29,244.14000,134917402,-0.010457,3178921
93436,2023-11-30,240.08000,131686044,-0.016630,3178921
93436,2023-12-01,238.83000,120589428,-0.005207,3178921
93436,2023-12-04,235.58000,103685304,-0.013608,3178921
93436,2023-12-05,238.72000,137383283,0.013329,3178921
93436,2023-12-06,239.37000,125946633,0.002723,3178921
93436,2023-12-07,242.64000,106696749,0.013661,3178921
93436,2023-12-08,243.84000,102674872,0.004946,3178921
93436,2023-12-11,239.74001,97348481,-0.016814,3178921
93436,2023-12-12,237.00999,94968562,-0.011387,3178921
93436,2023-12-13,239.28999,145836743,0.009620,3178921
93436,2023-12-14,251.05000,159025080,0.049145,3178921
93436,2023-12-15,253.50000,135321130,0.009759,3178921
93436,2023-12-18,252.08000,116089652,-0.005602,3178921
93436,2023-12-19,257.22000,106287817,0.020390,3178921
93436,2023-12-20,247.14000,124527509,-0.039188,3178921
93436,2023-12-21,254.50000,109157466,0.029781,3178921
93436,2023-12-22,252.53999,93148541,-0.007701,3178921
93436,2023-12-26,256.60999,86700724,0.016116,3178921
93436,2023-12-27,261.44000,106250779,0.018822,3178921
93436,2023-12-28,253.17999,113250680,-0.031594,3178921
93436,2023-12-29,248.48000,100321201,-0.018564,3178921
